slide_id,wsi_path,reason
TCGA-CC-A7IJ-01Z-00-DX1,/data3/chensx/tcga_data/553f70e1-d83d-4bc8-9cee-dac77068a458/TCGA-CC-A7IJ-01Z-00-DX1.525F3A40-46CC-4455-9473-F99BFA2D3572.svs,missing_feature_pt
TCGA-DD-AACI-01Z-00-DX1,/data3/chensx/tcga_data/3e6b036b-1113-46f9-8251-4d9280b6a075/TCGA-DD-AACI-01Z-00-DX1.C2931364-0514-49DB-AC95-02238FCA2EA5.svs,missing_feature_pt
TCGA-EP-A3RK-01Z-00-DX1,/data3/chensx/tcga_data/dbd40074-4c19-49ce-b76a-5ff56f1d03ee/TCGA-EP-A3RK-01Z-00-DX1.687AE495-EF94-43D9-84DC-C11EA71EB1BA.svs,missing_feature_pt
TCGA-RC-A7S9-01Z-00-DX1,/data3/chensx/tcga_data/c40d4937-b114-4cf0-a055-7dfbf26f1aaa/TCGA-RC-A7S9-01Z-00-DX1.B8EF745F-94C1-4115-9B27-EB0C08C053E2.svs,missing_feature_pt
TCGA-CC-A9FS-01Z-00-DX1,/data3/chensx/tcga_data/08cfb158-0623-4b32-89d6-9519f5e5fbb7/TCGA-CC-A9FS-01Z-00-DX1.DBE01DEE-CEF0-4224-BB06-DDD687000770.svs,missing_feature_pt
TCGA-UB-AA0V-01Z-00-DX1,/data3/chensx/tcga_data/70137e69-9792-4f0c-808f-8eddcd2e1360/TCGA-UB-AA0V-01Z-00-DX1.FB59AF14-B425-488D-94FD-E999D4057468.svs,missing_feature_pt
TCGA-G3-AAV3-01Z-00-DX1,/data3/chensx/tcga_data/2bdbe8fc-f479-40cf-9296-f7c2bd118d20/TCGA-G3-AAV3-01Z-00-DX1.019F0E4A-C36B-4EB8-8089-4796B193D432.svs,missing_feature_pt
TCGA-G3-A25V-01Z-00-DX1,/data3/chensx/tcga_data/d7c9e5a0-b9b6-478d-859b-402a02a52867/TCGA-G3-A25V-01Z-00-DX1.8A9025AC-513D-4BC8-B84C-36A5CB350368.svs,missing_feature_pt
TCGA-GJ-A3OU-01Z-00-DX1,/data3/chensx/tcga_data/f4caf8bd-1eb1-432a-b94d-c7c0a6dda4ad/TCGA-GJ-A3OU-01Z-00-DX1.D8918714-EAF7-4CF6-92E3-8DB663E99DF1.svs,missing_feature_pt
TCGA-DD-AAEB-01Z-00-DX1,/data3/chensx/tcga_data/c072f1cf-9805-478c-bc53-b72fa6af22b5/TCGA-DD-AAEB-01Z-00-DX1.160376D2-2D53-4E40-984F-30A79B14D4A5.svs,missing_feature_pt
TCGA-CC-5259-01Z-00-DX1,/data3/chensx/tcga_data/f23b18a1-ad76-42ef-b00b-6d05a892059e/TCGA-CC-5259-01Z-00-DX1.D18B2F62-0CC0-4665-90E3-7DB6817F2FF8.svs,missing_feature_pt
TCGA-CC-5258-01Z-00-DX1,/data3/chensx/tcga_data/2ff5d9dc-d189-4b49-a98a-9aa7b2e98fac/TCGA-CC-5258-01Z-00-DX1.5183124B-973C-4583-B9E0-FB7015E2DC1B.svs,missing_feature_pt
TCGA-DD-AAVQ-01Z-00-DX1,/data3/chensx/tcga_data/7f692b18-356e-4b8c-ad37-36fc0f318ee4/TCGA-DD-AAVQ-01Z-00-DX1.B8AF8561-01CD-48DD-8992-B672472F5C25.svs,missing_feature_pt
TCGA-DD-A4NJ-01Z-00-DX1,/data3/chensx/tcga_data/edf4dd44-d920-49a2-9b43-261baad3f7ba/TCGA-DD-A4NJ-01Z-00-DX1.93D04C1F-3035-4817-9123-5D3523027D4B.svs,missing_feature_pt
TCGA-ED-A7PZ-01Z-00-DX1,/data3/chensx/tcga_data/6e310cef-227e-4ea6-b0ba-1e186af631b3/TCGA-ED-A7PZ-01Z-00-DX1.CD9C0D80-4E6C-40EF-BF56-54BD7EFDBDC1.svs,missing_feature_pt
TCGA-CC-A3M9-01Z-00-DX1,/data3/chensx/tcga_data/ba327d54-5850-45de-925a-f6c9e693bdd6/TCGA-CC-A3M9-01Z-00-DX1.64A68473-D774-44E0-9569-BD3FECAC6C19.svs,missing_feature_pt
TCGA-G3-A6UC-01Z-00-DX1,/data3/chensx/tcga_data/1045882a-2633-40ab-a3d3-ae38737f60f5/TCGA-G3-A6UC-01Z-00-DX1.B20F9241-3600-4278-BE8C-27B869AF178A.svs,missing_feature_pt
TCGA-ED-A627-01Z-00-DX1,/data3/chensx/tcga_data/69ee5735-e6fd-4cf0-8098-22fde4117343/TCGA-ED-A627-01Z-00-DX1.B3E203DC-0ECB-4819-A9CF-6670FE3753BC.svs,missing_feature_pt
TCGA-EP-A12J-01Z-00-DX2,/data3/chensx/tcga_data/8e0baf3c-76d1-4cac-bfa0-58e6f551f41e/TCGA-EP-A12J-01Z-00-DX2.C4D300ED-6AE2-4C9E-8674-BBBE40913330.svs,missing_feature_pt
TCGA-DD-AADO-01Z-00-DX1,/data3/chensx/tcga_data/dfcf3955-34dd-498e-bb74-a8d895f8d337/TCGA-DD-AADO-01Z-00-DX1.957DAAA4-2D95-4737-A69E-AAC2FD0A8FB7.svs,missing_feature_pt
TCGA-DD-AACE-01Z-00-DX1,/data3/chensx/tcga_data/cff7b6ec-509e-4ebc-a2c5-c16f7c445963/TCGA-DD-AACE-01Z-00-DX1.4453C653-575E-4743-8B16-19322B898922.svs,missing_feature_pt
TCGA-MI-A75C-01Z-00-DX1,/data3/chensx/tcga_data/14ce7873-9f8a-405d-8722-246f8e0d7b6b/TCGA-MI-A75C-01Z-00-DX1.468BA4AC-A7CB-499C-B98D-C1BEF4AA8867.svs,missing_feature_pt
TCGA-CC-A9FV-01Z-00-DX1,/data3/chensx/tcga_data/30038035-b180-4d5a-89c3-96c8e3473297/TCGA-CC-A9FV-01Z-00-DX1.CAD4920E-4EE4-45C3-950C-DB2B8A824D28.svs,missing_feature_pt
TCGA-LG-A6GG-01Z-00-DX1,/data3/chensx/tcga_data/b5987788-e6fb-46f8-a431-91c916ab6248/TCGA-LG-A6GG-01Z-00-DX1.555A978B-70AE-4202-A929-E19C0B7D215A.svs,missing_feature_pt
TCGA-BW-A5NQ-01Z-00-DX1,/data3/chensx/tcga_data/c27cf134-0e1b-49d6-a19a-b93f5ebbdcc8/TCGA-BW-A5NQ-01Z-00-DX1.F5543010-CBEB-4BA3-8402-1332A8617A76.svs,missing_feature_pt
TCGA-CC-5260-01Z-00-DX1,/data3/chensx/tcga_data/3c9ac02f-12dd-4a44-8d45-f31e8b1af264/TCGA-CC-5260-01Z-00-DX1.48FDF3FB-5ABA-4456-84D7-564C94ACDD85.svs,missing_feature_pt
TCGA-G3-A3CJ-01Z-00-DX1,/data3/chensx/tcga_data/0223084f-90a7-417a-8b84-3e30d578a9ad/TCGA-G3-A3CJ-01Z-00-DX1.80279A8A-38D9-4B23-8A83-E32D8C4FC6EA.svs,missing_feature_pt
TCGA-ED-A7XP-01Z-00-DX1,/data3/chensx/tcga_data/173682e5-cb3e-4bfb-8038-14b92aa44ffe/TCGA-ED-A7XP-01Z-00-DX1.B0EF8C2B-9A52-4FCB-8F23-A84D844F069F.svs,missing_feature_pt
TCGA-DD-AADU-01Z-00-DX1,/data3/chensx/tcga_data/5de4bb26-54cd-47cc-88e9-0c42b752a6ac/TCGA-DD-AADU-01Z-00-DX1.8DF049B2-F949-46CB-ADD4-FA43C7949254.svs,missing_feature_pt
TCGA-CC-A8HS-01Z-00-DX1,/data3/chensx/tcga_data/458e0da2-9f00-4ddd-a216-3fd4c0f58376/TCGA-CC-A8HS-01Z-00-DX1.267BA6C7-41E1-4E93-AB80-ECB6D082F49E.svs,missing_feature_pt
TCGA-DD-A73E-01Z-00-DX2,/data3/chensx/tcga_data/50b191c1-9c5a-4cad-8c14-25b1a764ce2c/TCGA-DD-A73E-01Z-00-DX2.B2A1AD8B-0875-4684-9A60-1E9F3CE89BA8.svs,missing_feature_pt
TCGA-ED-A5KG-01Z-00-DX1,/data3/chensx/tcga_data/51295fcb-2f5b-4953-ae91-824bea61a8ed/TCGA-ED-A5KG-01Z-00-DX1.76622341-8248-4674-87B6-AEDAA3857D9B.svs,missing_feature_pt
TCGA-DD-AACK-01Z-00-DX1,/data3/chensx/tcga_data/fed99ca3-ea08-4f19-9c64-e9d8ff8f34ef/TCGA-DD-AACK-01Z-00-DX1.9B507BB8-18D5-419A-AEB4-5B71ECAECDAC.svs,missing_feature_pt
TCGA-FV-A2QR-01Z-00-DX1,/data3/chensx/tcga_data/74f5de70-ddad-4594-87f8-d32739275ef8/TCGA-FV-A2QR-01Z-00-DX1.2A2C52AC-8A5F-4E8E-95FE-C653D424FC21.svs,missing_feature_pt
TCGA-FV-A2QQ-01Z-00-DX1,/data3/chensx/tcga_data/4783cae7-8bf2-4de3-81d1-4856f7124691/TCGA-FV-A2QQ-01Z-00-DX1.69270284-202A-459E-BDAB-74C930A1A2B5.svs,missing_feature_pt
TCGA-DD-A39V-01Z-00-DX1,/data3/chensx/tcga_data/438e3fe7-eafb-476d-b178-eac80007317f/TCGA-DD-A39V-01Z-00-DX1.9988FD7A-099D-4DCA-8CDC-7303E7382D6C.svs,missing_feature_pt
TCGA-CC-A7IH-01Z-00-DX1,/data3/chensx/tcga_data/2f73e73e-6b48-4821-891b-61de2eeeb445/TCGA-CC-A7IH-01Z-00-DX1.3905C6E9-5AD8-4135-8215-9D41DFD61DFA.svs,missing_feature_pt
TCGA-UB-A7MC-01Z-00-DX1,/data3/chensx/tcga_data/9c70d85f-838c-4ba9-8ce7-56f667f98ebc/TCGA-UB-A7MC-01Z-00-DX1.464FF827-2C8A-412A-ACB6-EBE209A28404.svs,missing_feature_pt
TCGA-ED-A7PX-01Z-00-DX1,/data3/chensx/tcga_data/fe5b1613-5db4-4b36-ac7d-206c07a7b61c/TCGA-ED-A7PX-01Z-00-DX1.D75A1B1F-7062-44D6-8BF0-B511BAF8E45B.svs,missing_feature_pt
TCGA-G3-A7M8-01Z-00-DX1,/data3/chensx/tcga_data/07ec549d-0d61-4a8e-959d-7701118796b4/TCGA-G3-A7M8-01Z-00-DX1.5FCC342D-BCBF-4901-85AB-FDF384EDD79D.svs,missing_feature_pt
TCGA-2Y-A9GV-01Z-00-DX1,/data3/chensx/tcga_data/a3895527-a259-4af0-a0d0-c97667f9d039/TCGA-2Y-A9GV-01Z-00-DX1.524FA6DD-7C84-425C-A2B5-17690DF50A28.svs,missing_feature_pt
TCGA-G3-AAUZ-01Z-00-DX1,/data3/chensx/tcga_data/745dff2e-2541-4b0e-99d5-07208a90d04c/TCGA-G3-AAUZ-01Z-00-DX1.10727DCE-8E78-4B9D-93A0-76A1C4EB57EC.svs,missing_feature_pt
TCGA-CC-A7IF-01Z-00-DX1,/data3/chensx/tcga_data/495070b8-d989-48ce-a3ce-3e4b8fc1d050/TCGA-CC-A7IF-01Z-00-DX1.F5D74385-ABD3-466D-9DCD-2A762140F633.svs,missing_feature_pt
TCGA-DD-A73E-01Z-00-DX1,/data3/chensx/tcga_data/80663216-8ffe-4d52-9cb5-9557d3439b1d/TCGA-DD-A73E-01Z-00-DX1.E80B5E5D-BE89-4BD1-A4E3-EEA26027D6E0.svs,missing_feature_pt
TCGA-CC-A123-01Z-00-DX1,/data3/chensx/tcga_data/8613bc1e-3931-41b4-9733-497aeba6100b/TCGA-CC-A123-01Z-00-DX1.61EEFACB-9576-414C-AC21-20CBC6DC1D05.svs,missing_feature_pt
TCGA-BW-A5NO-01Z-00-DX1,/data3/chensx/tcga_data/ccbac068-d0ee-49bf-a9fa-e2c01b94d5e5/TCGA-BW-A5NO-01Z-00-DX1.55133D96-C98B-4E7F-9DC0-8761031C7C93.svs,missing_feature_pt
TCGA-2Y-A9GX-01Z-00-DX1,/data3/chensx/tcga_data/7c425038-0844-4489-9828-e9ac07558f5a/TCGA-2Y-A9GX-01Z-00-DX1.DC3E1EAB-686A-44F9-91AF-0C6975DE029E.svs,missing_feature_pt
TCGA-G3-A5SM-01Z-00-DX1,/data3/chensx/tcga_data/c50c888c-d98f-43df-86fd-5596f77d5ed6/TCGA-G3-A5SM-01Z-00-DX1.FA873103-3FFF-4D83-A405-4A33340D6DC2.svs,missing_feature_pt
TCGA-5R-AA1D-01Z-00-DX1,/data3/chensx/tcga_data/ca88e79c-059e-4f04-93e6-a0876d6ab75f/TCGA-5R-AA1D-01Z-00-DX1.3B9C354E-7523-479C-955D-7D409D475C0C.svs,missing_feature_pt
TCGA-DD-AACY-01Z-00-DX1,/data3/chensx/tcga_data/11a67b2d-f351-4efc-9cba-3bb729686b75/TCGA-DD-AACY-01Z-00-DX1.53DA507E-E016-4CD5-9DD1-62729FB3C9E8.svs,missing_feature_pt
TCGA-K7-A5RF-01Z-00-DX1,/data3/chensx/tcga_data/74f183f1-22b4-49b4-b3d6-8692dc82bf71/TCGA-K7-A5RF-01Z-00-DX1.0B1FE587-D6F7-40E4-8F18-B37948336845.svs,missing_feature_pt
TCGA-DD-A4NF-01Z-00-DX1,/data3/chensx/tcga_data/8f6dbc54-e2b1-4f23-a382-b606a2ecc64b/TCGA-DD-A4NF-01Z-00-DX1.A876C169-BA5A-4ACF-A6F1-5B0558CE0392.svs,missing_feature_pt
TCGA-DD-AAE9-01Z-00-DX1,/data3/chensx/tcga_data/9262f512-9b11-44ac-aaaa-5ba973711f57/TCGA-DD-AAE9-01Z-00-DX1.D42910FF-CD70-4747-8BA2-3701A778E1F7.svs,missing_feature_pt
TCGA-DD-AAE1-01Z-00-DX1,/data3/chensx/tcga_data/60e9378e-baec-4b3e-a1d3-6166836ea6d9/TCGA-DD-AAE1-01Z-00-DX1.D7B815DA-36EF-4388-9307-EE17F06400E7.svs,missing_feature_pt
TCGA-MR-A8JO-01Z-00-DX1,/data3/chensx/tcga_data/3b3ed156-e62f-4381-878e-9e835e69d9f5/TCGA-MR-A8JO-01Z-00-DX1.FB4668E2-B5EA-402F-AB15-8C22C724E002.svs,missing_feature_pt
TCGA-WX-AA46-01Z-00-DX1,/data3/chensx/tcga_data/2e25dd2d-dccb-41d5-a3f7-ee96ac87e505/TCGA-WX-AA46-01Z-00-DX1.30A83B36-A242-4846-86D5-F9BA48E42B72.svs,missing_feature_pt
TCGA-T1-A6J8-01Z-00-DX1,/data3/chensx/tcga_data/3a26bd02-b431-4eba-8f33-b8b9fe0e6594/TCGA-T1-A6J8-01Z-00-DX1.013DA5DA-0753-4EBC-99D9-F8817059A202.svs,missing_feature_pt
TCGA-UB-A7MD-01Z-00-DX1,/data3/chensx/tcga_data/c7cfce62-d70c-4765-afbe-05f8343643a0/TCGA-UB-A7MD-01Z-00-DX1.F49A3B9F-C7D1-4A58-924E-E759892C5DD4.svs,missing_feature_pt
TCGA-CC-5261-01Z-00-DX1,/data3/chensx/tcga_data/5224a6ec-3854-4468-b912-c7b3995354a7/TCGA-CC-5261-01Z-00-DX1.475D05D8-FC25-4B9F-B601-6AD5208FE8EE.svs,missing_feature_pt
TCGA-CC-A8HT-01Z-00-DX1,/data3/chensx/tcga_data/4deb494c-40e3-4a75-8391-3310571a7f99/TCGA-CC-A8HT-01Z-00-DX1.F286B878-F5F9-4D02-B626-28C3BE8B20A0.svs,missing_feature_pt
TCGA-K7-A5RG-01Z-00-DX1,/data3/chensx/tcga_data/7492eeab-77f3-4103-84f9-87f556a387e6/TCGA-K7-A5RG-01Z-00-DX1.D8137CB8-34DC-41C0-AE4B-BD3C1E8E9743.svs,missing_feature_pt
TCGA-FV-A3I1-01Z-00-DX1,/data3/chensx/tcga_data/1164690b-4ab3-44ff-bd0b-f9bbff923a0e/TCGA-FV-A3I1-01Z-00-DX1.853E4122-319B-4425-87B5-E080B3AD6A7A.svs,missing_feature_pt
TCGA-DD-AADF-01Z-00-DX1,/data3/chensx/tcga_data/32033717-4832-4230-8bdc-0d9f46c7e2f3/TCGA-DD-AADF-01Z-00-DX1.953F6603-2A57-4BB0-B402-46CCB7940751.svs,missing_feature_pt
TCGA-RC-A6M3-01Z-00-DX1,/data3/chensx/tcga_data/8bdb75fe-3657-41b9-8462-8c71f5d3f7b5/TCGA-RC-A6M3-01Z-00-DX1.5B63A6E7-F016-4CA5-9C67-BF1E0F17B10F.svs,missing_feature_pt
TCGA-DD-A1EC-01Z-00-DX1,/data3/chensx/tcga_data/bc0b31ec-038c-4dc2-92fb-b63ee5c5d3bc/TCGA-DD-A1EC-01Z-00-DX1.3F1B660A-0AD8-4EC9-8830-3BDF86677315.svs,missing_feature_pt
TCGA-BC-4073-01Z-00-DX1,/data3/chensx/tcga_data/f17e7754-ad78-4c2a-9569-6986df3ff4a9/TCGA-BC-4073-01Z-00-DX1.2719E599-CE6A-41B9-8134-FA09FE58F94D.svs,missing_feature_pt
TCGA-CC-A9FW-01Z-00-DX1,/data3/chensx/tcga_data/c15fd958-47bc-4574-a974-f41057c5a236/TCGA-CC-A9FW-01Z-00-DX1.79859B4E-01AB-4499-B27F-80EF4B8321FA.svs,missing_feature_pt
TCGA-MI-A75E-01Z-00-DX2,/data3/chensx/tcga_data/71a7fb86-be92-45a8-a10b-a7746a476420/TCGA-MI-A75E-01Z-00-DX2.5B483422-924E-4366-80B7-EB65450B56C8.svs,missing_feature_pt
TCGA-G3-AAV4-01Z-00-DX1,/data3/chensx/tcga_data/86b0d740-aa39-4eb1-a674-f82918193abd/TCGA-G3-AAV4-01Z-00-DX1.D62F997C-F97A-47FB-BE0D-1A2B18E861A0.svs,missing_feature_pt
TCGA-LG-A9QC-01Z-00-DX1,/data3/chensx/tcga_data/61c66048-e868-43b4-a362-3b565efccd3a/TCGA-LG-A9QC-01Z-00-DX1.7475A364-8CC0-49E9-8B26-EBD1789CAF70.svs,missing_feature_pt
TCGA-DD-A4NP-01Z-00-DX1,/data3/chensx/tcga_data/c36b1520-85c7-4e25-a22c-1b929379c078/TCGA-DD-A4NP-01Z-00-DX1.C47D2F15-02F1-4AF2-AB9C-FAEBEC6F754B.svs,missing_feature_pt
TCGA-CC-5262-01Z-00-DX1,/data3/chensx/tcga_data/19e4e9b9-1ce9-4031-9795-01e49eaffa18/TCGA-CC-5262-01Z-00-DX1.B750BE18-3C41-4355-A8CE-20FCEB1CB2C9.svs,missing_feature_pt
TCGA-DD-AADN-01Z-00-DX1,/data3/chensx/tcga_data/0a4889dd-6320-4d89-912f-b0d6ebb70aac/TCGA-DD-AADN-01Z-00-DX1.0C031278-22F9-40DE-9CFC-48A93EF8B8D8.svs,missing_feature_pt
TCGA-DD-AACA-01Z-00-DX1,/data3/chensx/tcga_data/70fee64e-bc8e-4e3e-b16a-7aefdc0a92bf/TCGA-DD-AACA-01Z-00-DX1.ED6D4169-2474-422F-A36B-6A5EC1D5AD1A.svs,missing_feature_pt
TCGA-WQ-AB4B-01Z-00-DX1,/data3/chensx/tcga_data/b90b23f1-b667-423f-a183-c11a905d0a76/TCGA-WQ-AB4B-01Z-00-DX1.00FF0306-D181-4B4F-A1FD-EFF8302ADF95.svs,missing_feature_pt
TCGA-WJ-A86L-01Z-00-DX1,/data3/chensx/tcga_data/fda25a62-820e-4e36-8502-ecec3f049cfd/TCGA-WJ-A86L-01Z-00-DX1.2EB59E0F-D5B9-4212-8E31-2CA8529722A1.svs,missing_feature_pt
TCGA-LG-A9QD-01Z-00-DX1,/data3/chensx/tcga_data/f2e8a22d-34bf-4da8-ad11-2cf3ab45df43/TCGA-LG-A9QD-01Z-00-DX1.77169EDD-9A62-4B92-9087-942DDC3C6F47.svs,missing_feature_pt
TCGA-G3-A25W-01Z-00-DX1,/data3/chensx/tcga_data/e6403fae-13b1-4a23-9f4a-588db50ca429/TCGA-G3-A25W-01Z-00-DX1.F5423764-6A48-46C3-8967-99B845524860.svs,missing_feature_pt
TCGA-2Y-A9HA-01Z-00-DX1,/data3/chensx/tcga_data/cdefbd5d-a69a-434b-ac7a-0851fe9e88db/TCGA-2Y-A9HA-01Z-00-DX1.207BE113-34E5-4C03-BE26-96E6CFDA9D9B.svs,missing_feature_pt
TCGA-DD-AACP-01Z-00-DX1,/data3/chensx/tcga_data/151c8b2d-6953-40d5-869a-5b7f31d1855e/TCGA-DD-AACP-01Z-00-DX1.FB073EDC-B0BC-444A-A02E-488F7E03A0F9.svs,missing_feature_pt
TCGA-CC-A3MC-01Z-00-DX1,/data3/chensx/tcga_data/4568bad1-da02-4a42-995d-beeda53b6bcf/TCGA-CC-A3MC-01Z-00-DX1.680CCC54-8159-42A9-8B66-FEC9228EB8BC.svs,missing_feature_pt
TCGA-DD-AADL-01Z-00-DX1,/data3/chensx/tcga_data/96368f6f-1e78-4c3b-bfe1-0641cefa8280/TCGA-DD-AADL-01Z-00-DX1.D688D1A6-418A-41A4-83A8-FDA0CAC26F7E.svs,missing_feature_pt
TCGA-FV-A4ZQ-01Z-00-DX1,/data3/chensx/tcga_data/49197d48-1766-409f-b136-1450b146c4e9/TCGA-FV-A4ZQ-01Z-00-DX1.B77F6D70-5490-4EEE-8838-8654B9928918.svs,missing_feature_pt
TCGA-DD-AADS-01Z-00-DX1,/data3/chensx/tcga_data/89167dfe-eb28-42f5-b2c9-4314ce38f80e/TCGA-DD-AADS-01Z-00-DX1.A147E3F6-065A-4313-A16B-09C024B532B5.svs,missing_feature_pt
TCGA-CC-A1HT-01Z-00-DX1,/data3/chensx/tcga_data/e17f43a6-7f1f-49f5-affb-eb249abad0f7/TCGA-CC-A1HT-01Z-00-DX1.1E2B820B-BCFB-46B8-A43B-CA5F94F0A6D1.svs,missing_feature_pt
TCGA-G3-A7M7-01Z-00-DX1,/data3/chensx/tcga_data/d8eaf5e3-b64a-4de2-9013-0c4704440349/TCGA-G3-A7M7-01Z-00-DX1.FE77A8FA-9698-44E1-AEA1-A3A4EADFB586.svs,missing_feature_pt
TCGA-DD-AAVP-01Z-00-DX1,/data3/chensx/tcga_data/4ad5785b-7200-4eb7-b15d-8ad5d4970af8/TCGA-DD-AAVP-01Z-00-DX1.44A8666F-DF8B-4707-9669-08CCE90486FC.svs,missing_feature_pt
TCGA-BC-A3KF-01Z-00-DX1,/data3/chensx/tcga_data/13323ecb-a0ab-4849-9f77-6ef166d88e96/TCGA-BC-A3KF-01Z-00-DX1.F3B071B2-8C62-4867-8F60-6E207BE1EDF4.svs,missing_feature_pt
TCGA-DD-A11C-01Z-00-DX1,/data3/chensx/tcga_data/ed517cdf-f44c-4ed6-8637-fc0eafc53f50/TCGA-DD-A11C-01Z-00-DX1.FBF80337-ED73-4611-8E0F-F3FE8A666DB9.svs,missing_feature_pt
TCGA-DD-AAEH-01Z-00-DX1,/data3/chensx/tcga_data/9afbdb77-2984-40ab-91dd-18dd5ee0b3de/TCGA-DD-AAEH-01Z-00-DX1.588C7665-65A3-43CF-B6AF-C78134667F81.svs,missing_feature_pt
TCGA-MI-A75E-01Z-00-DX1,/data3/chensx/tcga_data/724cd785-b59d-43c5-8a2d-f7cfe29be591/TCGA-MI-A75E-01Z-00-DX1.892E6332-5334-4C9E-99D9-6CA0A6B95CC7.svs,missing_feature_pt
TCGA-2Y-A9H7-01Z-00-DX1,/data3/chensx/tcga_data/e2a31220-333d-481c-9c60-2b5882085274/TCGA-2Y-A9H7-01Z-00-DX1.E61F4D00-5D48-412C-A6EB-DD731C5A3ECE.svs,missing_feature_pt
TCGA-CC-A8HU-01Z-00-DX1,/data3/chensx/tcga_data/952fade0-e203-40e2-b9fa-4aa3e0aa9a4c/TCGA-CC-A8HU-01Z-00-DX1.6B01A0BF-8E53-4783-AA97-5A2AB2C0C52C.svs,missing_feature_pt
TCGA-RC-A7SB-01Z-00-DX1,/data3/chensx/tcga_data/f176a716-38ab-47c4-a449-47d26921ffd6/TCGA-RC-A7SB-01Z-00-DX1.2F9AD3F0-68C1-443F-9E4C-47DB92302543.svs,missing_feature_pt
TCGA-5R-AA1C-01Z-00-DX1,/data3/chensx/tcga_data/3d687cd4-c0cd-4e14-b12d-3e86ca7f9426/TCGA-5R-AA1C-01Z-00-DX1.DC038B55-4002-406D-B9DD-2A4BFDB03A61.svs,missing_feature_pt
TCGA-MI-A75G-01Z-00-DX1,/data3/chensx/tcga_data/fd35624e-4229-4233-81c5-7d41daf961a6/TCGA-MI-A75G-01Z-00-DX1.DD5C8CC3-D7CF-4DB6-B222-86609387D44C.svs,missing_feature_pt
TCGA-2V-A95S-01Z-00-DX1,/data3/chensx/tcga_data/68c56f54-aee0-4230-b305-f16cd954a91f/TCGA-2V-A95S-01Z-00-DX1.9DFA6FC7-87A6-4C14-9A39-E3F12B01C4D4.svs,missing_feature_pt
TCGA-CC-A5UD-01Z-00-DX1,/data3/chensx/tcga_data/b9a35e15-6691-44f8-a1c8-6263ac6e7be1/TCGA-CC-A5UD-01Z-00-DX1.1FB4C5D0-BAC8-45E2-81A9-DA54B2A59136.svs,missing_feature_pt
TCGA-DD-A1EI-01Z-00-DX1,/data3/chensx/tcga_data/ec3a5401-856b-4791-92e1-45bb7d2ce98c/TCGA-DD-A1EI-01Z-00-DX1.17B89079-68F9-43FD-AFEF-499F39248DA7.svs,missing_feature_pt
TCGA-FV-A3I0-01Z-00-DX1,/data3/chensx/tcga_data/6726b246-9da7-40e4-bef7-36aad0b443df/TCGA-FV-A3I0-01Z-00-DX1.097FA95F-471C-4CF7-AA1E-D4A9DB4F55B5.svs,missing_feature_pt
TCGA-NI-A8LF-01Z-00-DX1,/data3/chensx/tcga_data/110d58e4-1cb4-4b7e-b7e0-1b46bc7f0328/TCGA-NI-A8LF-01Z-00-DX1.7CA2EA95-B567-44D3-A9DD-F1D93A4EE676.svs,missing_feature_pt
TCGA-ZP-A9D4-01Z-00-DX1,/data3/chensx/tcga_data/5fbbae7a-98e3-4aa1-a31f-3898083affd0/TCGA-ZP-A9D4-01Z-00-DX1.306ADF14-E71A-4E44-BF28-F7733A1937EC.svs,missing_feature_pt
TCGA-WQ-A9G7-01Z-00-DX1,/data3/chensx/tcga_data/4b8156ec-b343-4a10-8fbd-cebd0a6fe579/TCGA-WQ-A9G7-01Z-00-DX1.45C6F0D2-3477-410A-B0E7-FF6B2069E7A1.svs,missing_feature_pt
TCGA-5R-AAAM-01Z-00-DX1,/data3/chensx/tcga_data/71acc230-c397-4257-a973-b0c9f534a8d2/TCGA-5R-AAAM-01Z-00-DX1.827D5EA8-7603-4F83-B6C1-32DC9F56D7B8.svs,missing_feature_pt
TCGA-DD-A4NI-01Z-00-DX2,/data3/chensx/tcga_data/a12af5f2-6bad-4eca-824b-761003a57419/TCGA-DD-A4NI-01Z-00-DX2.B64DFCB6-8417-4EEF-ACB9-3CAB61D6C50D.svs,missing_feature_pt
TCGA-DD-A4NR-01Z-00-DX1,/data3/chensx/tcga_data/5fcdab38-ff40-4842-8126-e4fc3e97ac73/TCGA-DD-A4NR-01Z-00-DX1.8C4F2D2B-8B71-40F3-BA87-9B6360C526D3.svs,missing_feature_pt
TCGA-CC-A8HV-01Z-00-DX1,/data3/chensx/tcga_data/98eb554f-8868-422d-ba8f-a2d17a5a6671/TCGA-CC-A8HV-01Z-00-DX1.28E50E5D-B742-4FFC-A52F-900F907FBADA.svs,missing_feature_pt
TCGA-CC-5264-01Z-00-DX1,/data3/chensx/tcga_data/b1a3ee90-d9d6-4ded-9a39-a106568a0795/TCGA-CC-5264-01Z-00-DX1.11E7D28A-D9CD-4CDF-898C-7CA6C6940A4A.svs,missing_feature_pt
TCGA-BC-A10Y-01Z-00-DX1,/data3/chensx/tcga_data/516e6ebd-b469-4953-829c-7d19b52016c8/TCGA-BC-A10Y-01Z-00-DX1.C03EC762-45F6-40B4-927F-3D2162389FAD.svs,missing_feature_pt
TCGA-BC-A69I-01Z-00-DX1,/data3/chensx/tcga_data/863bdfce-e189-4e98-bb6c-3ce38f0af123/TCGA-BC-A69I-01Z-00-DX1.D1DBD156-D562-40AB-B5BC-DCBD7A2F9A82.svs,missing_feature_pt
TCGA-ZS-A9CE-01Z-00-DX1,/data3/chensx/tcga_data/422aa1ab-5b85-4a1a-86c1-a5ef0cca91c9/TCGA-ZS-A9CE-01Z-00-DX1.EA6A0A1F-ACFD-4A6C-A7C4-7CB19EA4BAFB.svs,missing_feature_pt
TCGA-DD-A118-01Z-00-DX1,/data3/chensx/tcga_data/3d0edfba-69e4-4c4d-9e0e-97ca39d218ec/TCGA-DD-A118-01Z-00-DX1.60B26023-8F1C-4373-A5A5-1279162F4076.svs,missing_feature_pt
TCGA-DD-A73C-01Z-00-DX1,/data3/chensx/tcga_data/ca63b656-547a-4380-bd80-70f81ea35987/TCGA-DD-A73C-01Z-00-DX1.B31DD97B-0C66-4404-9521-4CE5661CA0C4.svs,missing_feature_pt
TCGA-CC-A7II-01Z-00-DX1,/data3/chensx/tcga_data/a836be5c-d3e4-454c-b2c4-968e6a081098/TCGA-CC-A7II-01Z-00-DX1.CD94B00A-3B54-4B9D-98D6-6E26DC0AB2F0.svs,missing_feature_pt
TCGA-G3-AAV2-01Z-00-DX1,/data3/chensx/tcga_data/640310ff-37b3-46f6-acea-309f6f448b62/TCGA-G3-AAV2-01Z-00-DX1.3ED62AC3-439B-4971-A710-6BEF87BFF173.svs,missing_feature_pt
TCGA-DD-AACM-01Z-00-DX1,/data3/chensx/tcga_data/51cf52e5-c779-4527-bd98-1bbf762160e4/TCGA-DD-AACM-01Z-00-DX1.D184466C-8491-4CC0-8B76-274DBFD97851.svs,missing_feature_pt
TCGA-DD-A1EF-01Z-00-DX1,/data3/chensx/tcga_data/96f0039f-b13c-4560-be82-dadb22955839/TCGA-DD-A1EF-01Z-00-DX1.B5029658-F57D-4CD3-BC4D-D7BA5EB33DFB.svs,missing_feature_pt
TCGA-ED-A7XO-01Z-00-DX1,/data3/chensx/tcga_data/8589e9ba-8ed2-47cc-a944-7caa0fced1cf/TCGA-ED-A7XO-01Z-00-DX1.376C5681-8D9D-4D2E-AA22-8A0E2AE16FF5.svs,missing_feature_pt
TCGA-CC-A5UE-01Z-00-DX1,/data3/chensx/tcga_data/c0bcff3c-33bd-4fc5-877d-b696f12f7bee/TCGA-CC-A5UE-01Z-00-DX1.11245DF8-BDD4-435F-9329-A4F63C24EC88.svs,missing_feature_pt
TCGA-RC-A6M4-01Z-00-DX1,/data3/chensx/tcga_data/75df0722-d8bc-4519-9c44-e9b4b0d9882f/TCGA-RC-A6M4-01Z-00-DX1.94EFD979-FEEF-406D-8253-EC9969682615.svs,missing_feature_pt
TCGA-MR-A520-01Z-00-DX1,/data3/chensx/tcga_data/7fe08fdc-f28b-4306-a99e-651f3af76638/TCGA-MR-A520-01Z-00-DX1.2F323BAC-56C9-4A0C-9C1B-2B4F776056B4.svs,missing_feature_pt
TCGA-ZP-A9D0-01Z-00-DX1,/data3/chensx/tcga_data/307142c2-a6a2-4b05-b274-98c850294ff4/TCGA-ZP-A9D0-01Z-00-DX1.D79FA64E-DA46-4FC4-B1E4-CFBC6A56BFBF.svs,missing_feature_pt
TCGA-G3-A3CK-01Z-00-DX1,/data3/chensx/tcga_data/b6c838f2-60fb-4ac2-9f4d-41e229c61d2c/TCGA-G3-A3CK-01Z-00-DX1.A21078FF-0453-4FB6-9CE6-2C5085A1D303.svs,missing_feature_pt
TCGA-DD-AAE3-01Z-00-DX1,/data3/chensx/tcga_data/1910ef80-50ac-461e-a0b4-4f1c41031e1f/TCGA-DD-AAE3-01Z-00-DX1.9AE5BD2A-2106-4BF9-8C63-1983F18EFA5D.svs,missing_feature_pt
TCGA-G3-A3CH-01Z-00-DX1,/data3/chensx/tcga_data/0e55b47f-317a-4f71-b765-ab260e8df557/TCGA-G3-A3CH-01Z-00-DX1.EA1C12F1-0A52-418D-845E-C99E57D21260.svs,missing_feature_pt
TCGA-DD-AACL-01Z-00-DX1,/data3/chensx/tcga_data/c243c578-6ba4-4e09-a540-f1bbf89d7d31/TCGA-DD-AACL-01Z-00-DX1.C5A948CF-45E0-4CDB-9A3C-01F8D4715FF2.svs,missing_feature_pt
TCGA-5C-A9VH-01Z-00-DX1,/data3/chensx/tcga_data/8ddf4976-c764-4277-bf0e-8a9bb089ed0e/TCGA-5C-A9VH-01Z-00-DX1.18769042-494B-4C71-9CF9-6A787844A5AA.svs,missing_feature_pt
TCGA-DD-AADM-01Z-00-DX1,/data3/chensx/tcga_data/1e94bf1b-c591-4f48-b948-f200cfae8ac7/TCGA-DD-AADM-01Z-00-DX1.30B60444-4EC3-4E81-B9F0-2FE65307BA2E.svs,missing_feature_pt
TCGA-DD-A1EE-01Z-00-DX1,/data3/chensx/tcga_data/c880519b-1479-410c-9587-34d3475b3c14/TCGA-DD-A1EE-01Z-00-DX1.EC6F7303-3691-4A71-83DC-F04F20E2EEC9.svs,missing_feature_pt
TCGA-DD-A1EG-01Z-00-DX1,/data3/chensx/tcga_data/44243c95-0a16-4f43-bc17-40f324b4d622/TCGA-DD-A1EG-01Z-00-DX1.E43637D2-8DB9-4849-BBCB-D8FC243D7B59.svs,missing_feature_pt
TCGA-DD-A119-01Z-00-DX1,/data3/chensx/tcga_data/dc7d89fa-eec1-4f23-9f7d-077130f56b8f/TCGA-DD-A119-01Z-00-DX1.3FB0547B-D84A-4103-8238-4BF504429371.svs,missing_feature_pt
TCGA-EP-A2KC-01Z-00-DX1,/data3/chensx/tcga_data/789bf990-06a9-4c41-bd8e-885dbf1d69a3/TCGA-EP-A2KC-01Z-00-DX1.A0D71E19-4C44-495E-8FDB-B12915212875.svs,missing_feature_pt
TCGA-DD-A3A8-01Z-00-DX1,/data3/chensx/tcga_data/0ed6f413-c04d-499c-9ce3-c88b4944f999/TCGA-DD-A3A8-01Z-00-DX1.94F0BAEE-80BC-4B2D-AA75-63EE77100A7E.svs,missing_feature_pt
TCGA-G3-AAV0-01Z-00-DX1,/data3/chensx/tcga_data/97a039e2-1860-4be7-b428-8821b1f9d98a/TCGA-G3-AAV0-01Z-00-DX1.A91961B7-CCAB-4DD1-BEAC-47E9827D2C34.svs,missing_feature_pt
TCGA-DD-A73C-01Z-00-DX2,/data3/chensx/tcga_data/e29c466b-0043-4a21-8a01-79ee90dcad7b/TCGA-DD-A73C-01Z-00-DX2.616264EE-93CE-4E2F-A4DA-1CD3663A4F3C.svs,missing_feature_pt
TCGA-ED-A8O6-01Z-00-DX1,/data3/chensx/tcga_data/c8fe4a47-5029-4d9d-aba9-9d69921309b3/TCGA-ED-A8O6-01Z-00-DX1.D202A660-7F62-42F3-85C2-9D71C4DCB89C.svs,missing_feature_pt
TCGA-FV-A496-01Z-00-DX1,/data3/chensx/tcga_data/1af48944-4b2f-4e0d-a97a-05d3f8f97f9a/TCGA-FV-A496-01Z-00-DX1.A74E56AD-6716-4BE0-80EA-8EFF3CBE0BCE.svs,missing_feature_pt
TCGA-ED-A97K-01Z-00-DX1,/data3/chensx/tcga_data/58fcf589-d4a1-4733-b8a9-75662b770465/TCGA-ED-A97K-01Z-00-DX1.C2B446BC-DD52-4BAE-A098-0FBDADC70445.svs,missing_feature_pt
TCGA-ED-A7PY-01Z-00-DX1,/data3/chensx/tcga_data/278fe77f-69f4-4593-b10f-055a0ce8183d/TCGA-ED-A7PY-01Z-00-DX1.6649AC67-F6EE-4CFC-9A95-FD17630CF440.svs,missing_feature_pt
TCGA-G3-AAV5-01Z-00-DX1,/data3/chensx/tcga_data/9cfee85c-5be4-4d3d-a432-ddf91cb02a79/TCGA-G3-AAV5-01Z-00-DX1.C61A5C6A-9BF2-4AAB-8203-B4896570C1AB.svs,missing_feature_pt
TCGA-BC-A112-01Z-00-DX1,/data3/chensx/tcga_data/bd670238-6bf6-4745-977e-785ac169700f/TCGA-BC-A112-01Z-00-DX1.4CC4A845-25F1-4DC2-8142-9990A66E9C1B.svs,missing_feature_pt
TCGA-ZS-A9CG-01Z-00-DX1,/data3/chensx/tcga_data/10e9734e-e699-490f-b3a0-a04c1aa5a75c/TCGA-ZS-A9CG-01Z-00-DX1.FEF9A55C-9331-469C-9D13-FCB232136024.svs,missing_feature_pt
TCGA-EP-A3JL-01Z-00-DX1,/data3/chensx/tcga_data/48944af5-77ed-480f-893c-01e1638b8c4d/TCGA-EP-A3JL-01Z-00-DX1.E53B8DA5-DD45-43FA-981F-4B793D4EDD33.svs,missing_feature_pt
TCGA-EP-A2KA-01Z-00-DX1,/data3/chensx/tcga_data/e3992270-dd49-45da-872b-322ee264a59b/TCGA-EP-A2KA-01Z-00-DX1.2B69485D-AE0F-4E14-B90E-2B040ABAD497.svs,missing_feature_pt
TCGA-ZP-A9D1-01Z-00-DX1,/data3/chensx/tcga_data/308cf0ce-cdf3-44fc-9b4f-ddee08040b2b/TCGA-ZP-A9D1-01Z-00-DX1.0DD836AD-8A0C-48ED-823C-54FA449965EF.svs,missing_feature_pt
TCGA-DD-AAE7-01Z-00-DX1,/data3/chensx/tcga_data/0d6477a5-72bf-403b-9135-9ec30ac3d09b/TCGA-DD-AAE7-01Z-00-DX1.B05AE94A-391A-47C9-A95D-C2DE1ACDE442.svs,missing_feature_pt
TCGA-DD-A39Z-01Z-00-DX1,/data3/chensx/tcga_data/87e97596-3c4c-43c2-890b-24b8d78f8154/TCGA-DD-A39Z-01Z-00-DX1.09A76682-FBCF-4BF8-9A88-B8C89656549B.svs,missing_feature_pt
TCGA-GJ-A9DB-01Z-00-DX1,/data3/chensx/tcga_data/ad807d71-9379-4858-afbf-eee5aa92ab4a/TCGA-GJ-A9DB-01Z-00-DX1.50694A1D-1AC4-46BF-B89A-C3825B79A55A.svs,missing_feature_pt
TCGA-DD-AADQ-01Z-00-DX1,/data3/chensx/tcga_data/aa65a8fb-cfbb-43e2-b22c-d97791bfbee0/TCGA-DD-AADQ-01Z-00-DX1.17B7638D-F418-4486-9BB9-B708F1BC52C9.svs,missing_feature_pt
TCGA-DD-AAC8-01Z-00-DX1,/data3/chensx/tcga_data/168084ab-1bd0-4914-8e14-47eb5e851a20/TCGA-DD-AAC8-01Z-00-DX1.9B06A570-EE68-494D-8798-8375AB92F895.svs,missing_feature_pt
TCGA-DD-A4NI-01Z-00-DX1,/data3/chensx/tcga_data/1ab53685-4ddf-4456-9dec-9a57fcfaa408/TCGA-DD-A4NI-01Z-00-DX1.832FA415-8AEA-4D73-B073-D6D105CDCEFB.svs,missing_feature_pt
TCGA-DD-AADV-01Z-00-DX1,/data3/chensx/tcga_data/288c4df6-c006-4a36-a063-ba53aaead4e7/TCGA-DD-AADV-01Z-00-DX1.CA1E7E26-5DF6-40E9-859A-DF970EC24C08.svs,missing_feature_pt
TCGA-CC-A7IG-01Z-00-DX1,/data3/chensx/tcga_data/bd68d953-87fd-4fa4-a0d2-f4fb3a4d6f51/TCGA-CC-A7IG-01Z-00-DX1.2C469468-4E2C-4BAC-B195-5719BB58674A.svs,missing_feature_pt
TCGA-DD-AAE2-01Z-00-DX1,/data3/chensx/tcga_data/eab428ca-aacb-4ded-989a-da5dc1171f04/TCGA-DD-AAE2-01Z-00-DX1.AEA44526-4EA2-4EBC-B7A2-C51206B0482D.svs,missing_feature_pt
TCGA-CC-A9FU-01Z-00-DX1,/data3/chensx/tcga_data/93c9c93d-b918-4982-9f77-9bbeda8f8c08/TCGA-CC-A9FU-01Z-00-DX1.DC790527-1973-4609-AB9A-271246B36918.svs,missing_feature_pt
TCGA-CC-A3MA-01Z-00-DX1,/data3/chensx/tcga_data/e45edd46-7fa2-4cda-91c8-2716ef2e5065/TCGA-CC-A3MA-01Z-00-DX1.96F9CA78-2690-4FAF-859A-D3D9CCBA98F1.svs,missing_feature_pt
TCGA-BC-A3KG-01Z-00-DX1,/data3/chensx/tcga_data/d4b07041-f14e-444e-8b5f-9234a30df4be/TCGA-BC-A3KG-01Z-00-DX1.FC63E3C7-C7AF-45F0-8DD4-7968B8425C09.svs,missing_feature_pt
TCGA-BC-A5W4-01Z-00-DX1,/data3/chensx/tcga_data/0fdd7b73-ea3b-451c-915d-0d483539bfd8/TCGA-BC-A5W4-01Z-00-DX1.57017E96-B611-420D-BEED-021B928A1BA8.svs,missing_feature_pt
TCGA-BC-A10Z-01Z-00-DX1,/data3/chensx/tcga_data/edae6484-0822-4418-b90b-c391e4ab196f/TCGA-BC-A10Z-01Z-00-DX1.4AB6A0FC-31FD-4399-B58B-EAB6953AFBFE.svs,missing_feature_pt
TCGA-G3-A5SL-01Z-00-DX1,/data3/chensx/tcga_data/2c140f7f-2fe1-4fab-beed-36b90d42b032/TCGA-G3-A5SL-01Z-00-DX1.AF5CCF01-372C-42A7-BB5D-E8844D981BCD.svs,missing_feature_pt
TCGA-RC-A6M6-01Z-00-DX1,/data3/chensx/tcga_data/e45e5f9f-f317-4fbb-a3b0-0d535b2eb317/TCGA-RC-A6M6-01Z-00-DX1.02120025-8890-45C8-AD77-5E8C4711BC70.svs,missing_feature_pt
TCGA-DD-A4NS-01Z-00-DX1,/data3/chensx/tcga_data/da7b10d7-fae7-4ec3-b408-7c646a558eae/TCGA-DD-A4NS-01Z-00-DX1.693CDBAD-EB24-4781-9FB5-DC08E0C8D847.svs,missing_feature_pt
TCGA-DD-AADW-01Z-00-DX1,/data3/chensx/tcga_data/4c936996-922e-4789-bf9c-bfeafcce77ff/TCGA-DD-AADW-01Z-00-DX1.3E9241DE-1569-4848-8C15-A8BA2BA2BF8F.svs,missing_feature_pt
TCGA-DD-A73D-01Z-00-DX1,/data3/chensx/tcga_data/71da1aaa-654e-4530-ae06-68344244d7d1/TCGA-DD-A73D-01Z-00-DX1.455790BB-767B-458D-A90E-046FD47D0A92.svs,missing_feature_pt
TCGA-DD-A73D-01Z-00-DX2,/data3/chensx/tcga_data/501bd5d6-c5aa-4355-a26d-87fb0a8393ca/TCGA-DD-A73D-01Z-00-DX2.2492EB08-62D6-41F7-A612-4982F5360C64.svs,missing_feature_pt
TCGA-G3-A5SK-01Z-00-DX1,/data3/chensx/tcga_data/ce47ab83-986e-41ea-8780-dbf1728aceb5/TCGA-G3-A5SK-01Z-00-DX1.11F1AC62-2C35-4767-9EEA-455157CBBC0B.svs,missing_feature_pt
TCGA-CC-A3MB-01Z-00-DX1,/data3/chensx/tcga_data/db8bba2c-0ffe-4d0c-8c6d-54bcb2026ba2/TCGA-CC-A3MB-01Z-00-DX1.5EF235F5-A3B1-4DBB-9D6E-03A9F7CB203F.svs,missing_feature_pt
TCGA-FV-A3R3-01Z-00-DX1,/data3/chensx/tcga_data/a7713043-1abe-48e5-8c9c-d235822c267e/TCGA-FV-A3R3-01Z-00-DX1.29EDF32A-C679-427B-8A04-A601A6E92BE2.svs,missing_feature_pt
TCGA-2Y-A9GW-01Z-00-DX1,/data3/chensx/tcga_data/4f674711-609b-4998-8ec2-8b7ede8722f5/TCGA-2Y-A9GW-01Z-00-DX1.71805205-933D-4D72-A4A2-586DC5490D76.svs,missing_feature_pt
TCGA-DD-A3A3-01Z-00-DX2,/data3/chensx/tcga_data/509f7ab3-4a92-4242-8ed3-e99ce5b6e7e5/TCGA-DD-A3A3-01Z-00-DX2.DFFCFEB0-E710-4559-BDCF-1492641DBDD4.svs,missing_feature_pt
TCGA-DD-A3A3-01Z-00-DX1,/data3/chensx/tcga_data/4e6864c1-39cf-4b1d-be23-ce5534d3aeba/TCGA-DD-A3A3-01Z-00-DX1.D9CBC005-147C-466B-977C-1E552F11B210.svs,missing_feature_pt
TCGA-ED-A459-01Z-00-DX1,/data3/chensx/tcga_data/ef8568c4-7033-4a78-be40-351f9c46b97f/TCGA-ED-A459-01Z-00-DX1.A77E9327-2BD2-48EA-9C9C-79CC360E19A6.svs,missing_feature_pt
TCGA-DD-AA3A-01Z-00-DX1,/data3/chensx/tcga_data/4128dca7-9389-4dd5-9920-cc3da62f39d5/TCGA-DD-AA3A-01Z-00-DX1.5824BEE6-2E87-42F7-929B-AFD9C4CA2284.svs,missing_feature_pt
TCGA-DD-A11A-01Z-00-DX1,/data3/chensx/tcga_data/9b2942d4-5fa3-4423-8ec5-a3d520bf4fae/TCGA-DD-A11A-01Z-00-DX1.C3B8B35E-EA9B-4FC9-BB12-B5DEEA9C42EB.svs,missing_feature_pt
TCGA-DD-AAE0-01Z-00-DX1,/data3/chensx/tcga_data/8fe7dec4-726d-4b42-ac2f-ae66143deb9d/TCGA-DD-AAE0-01Z-00-DX1.0F30D65A-A9B0-4098-940E-B9DA702B692F.svs,missing_feature_pt
TCGA-BC-A217-01Z-00-DX1,/data3/chensx/tcga_data/0166427c-15c9-4b49-954c-eb3545e5699e/TCGA-BC-A217-01Z-00-DX1.E15D9B32-F809-40D8-846B-2334447B80C0.svs,missing_feature_pt
TCGA-5C-AAPD-01Z-00-DX1,/data3/chensx/tcga_data/fd6c9f40-915f-4aa9-a45f-f2da9d1fdff3/TCGA-5C-AAPD-01Z-00-DX1.D64255FC-83A4-497E-AAFC-D8E92966D30A.svs,missing_feature_pt
TCGA-O8-A75V-01Z-00-DX1,/data3/chensx/tcga_data/8fb78d77-5c2f-4536-aa6f-ceadc253d50a/TCGA-O8-A75V-01Z-00-DX1.A08377F6-2364-4397-AB5A-84A9EED087D8.svs,missing_feature_pt
TCGA-BC-A69H-01Z-00-DX1,/data3/chensx/tcga_data/b15852f2-ffc0-4ceb-bc64-8fb3580c5bf9/TCGA-BC-A69H-01Z-00-DX1.22CA7EA4-B8EC-444C-90AA-33095CC53585.svs,missing_feature_pt
TCGA-CC-A5UC-01Z-00-DX1,/data3/chensx/tcga_data/7fdc299c-3fcb-411a-909b-a13c14404d99/TCGA-CC-A5UC-01Z-00-DX1.5844CBD9-61B4-47D3-A5D9-C283926BF710.svs,missing_feature_pt
TCGA-DD-A3A4-01Z-00-DX1,/data3/chensx/tcga_data/adfd776e-60f9-48e5-a66c-047c7a0d1aca/TCGA-DD-A3A4-01Z-00-DX1.A79D22BF-3D01-47F8-BFDC-E761FED7A663.svs,missing_feature_pt
TCGA-DD-AAC9-01Z-00-DX1,/data3/chensx/tcga_data/9de09ced-014b-4f45-94ac-ea84f350e705/TCGA-DD-AAC9-01Z-00-DX1.825DEDA1-1E85-4D59-80B6-21F15E9A388C.svs,missing_feature_pt
TCGA-DD-AAEA-01Z-00-DX1,/data3/chensx/tcga_data/17369b97-7b62-42d6-a2a2-3811d6513521/TCGA-DD-AAEA-01Z-00-DX1.FEE3F0DC-297E-405A-913F-899ADFC5B899.svs,missing_feature_pt
TCGA-CC-5263-01Z-00-DX1,/data3/chensx/tcga_data/e7727805-78c3-4e7d-9189-9e558c975095/TCGA-CC-5263-01Z-00-DX1.9CB478BC-3470-4930-976B-0419B180D57F.svs,missing_feature_pt
TCGA-BC-A10R-01Z-00-DX1,/data3/chensx/tcga_data/b0f23599-df26-4696-8566-ecc72603ada9/TCGA-BC-A10R-01Z-00-DX1.6A5135A9-04DB-42B5-AD16-5DC224CCAA2B.svs,missing_feature_pt
TCGA-DD-AAD2-01Z-00-DX1,/data3/chensx/tcga_data/b8dc3918-0771-469f-8e3f-5364c347797c/TCGA-DD-AAD2-01Z-00-DX1.B91E4434-883A-43B5-8655-993FA4472F73.svs,missing_feature_pt
TCGA-5C-A9VG-01Z-00-DX1,/data3/chensx/tcga_data/182a5626-d93b-420f-85b7-ea1647aebaae/TCGA-5C-A9VG-01Z-00-DX1.BB05C938-5C51-4A15-925C-54C4FE0C6280.svs,missing_feature_pt
TCGA-DD-AAVU-01Z-00-DX1,/data3/chensx/tcga_data/ab49d70f-495b-41b2-a60d-072855269b7e/TCGA-DD-AAVU-01Z-00-DX1.304704A9-9D90-4FD7-92A1-6361114D71C4.svs,missing_feature_pt
TCGA-DD-A4NB-01Z-00-DX1,/data3/chensx/tcga_data/f184c1cf-1d6e-4d1d-8038-3f3a271de338/TCGA-DD-A4NB-01Z-00-DX1.BCF76D83-2ECB-4D9C-82C7-EE86B872F80C.svs,missing_feature_pt
TCGA-PD-A5DF-01Z-00-DX1,/data3/chensx/tcga_data/2bd9bf05-e9ce-4c21-b261-2d0f4c5dee5c/TCGA-PD-A5DF-01Z-00-DX1.B7E4EDA0-1168-45E4-A18E-5BD247D7DEA6.svs,missing_feature_pt
TCGA-DD-A11B-01Z-00-DX1,/data3/chensx/tcga_data/8a936ad6-58d4-4c59-88d6-6acf4ca21cbe/TCGA-DD-A11B-01Z-00-DX1.3D7A5BDB-62A3-4938-B6C4-890F7C59283A.svs,missing_feature_pt
TCGA-EP-A2KB-01Z-00-DX1,/data3/chensx/tcga_data/6a283b8a-2d3d-4c0c-bb50-e27d69fc28a9/TCGA-EP-A2KB-01Z-00-DX1.3E8D7A47-8195-4AF7-A9E2-DC6536812A13.svs,missing_feature_pt
TCGA-GJ-A6C0-01Z-00-DX1,/data3/chensx/tcga_data/8f72da87-546f-422e-b6a2-275ce687555b/TCGA-GJ-A6C0-01Z-00-DX1.325975E0-8CCF-42D7-8564-8AC5CED629A8.svs,missing_feature_pt
TCGA-DD-AADJ-01Z-00-DX1,/data3/chensx/tcga_data/e10a3641-f929-4050-b2e5-67a0b4dcf0aa/TCGA-DD-AADJ-01Z-00-DX1.5A0203DC-61A5-48C9-8CE4-749E880BC3BD.svs,missing_feature_pt
TCGA-G3-A25Y-01Z-00-DX1,/data3/chensx/tcga_data/9bafcb6b-9a0c-4652-83ff-d927ae870a24/TCGA-G3-A25Y-01Z-00-DX1.C6BF2202-9030-4460-B0F5-E846C8A44C1E.svs,missing_feature_pt
TCGA-DD-A1EL-01Z-00-DX1,/data3/chensx/tcga_data/840058fe-1ac9-45cb-b8f6-552ff3de1204/TCGA-DD-A1EL-01Z-00-DX1.D9ED1914-414E-4864-8ACF-4FFA2791129E.svs,missing_feature_pt
TCGA-ZP-A9CZ-01Z-00-DX1,/data3/chensx/tcga_data/4a6cc235-2741-499d-b78e-02c8592c51fb/TCGA-ZP-A9CZ-01Z-00-DX1.4650C044-54CF-4901-B676-8D03E3F4DB90.svs,missing_feature_pt
TCGA-CC-A7IE-01Z-00-DX1,/data3/chensx/tcga_data/ee14543b-54e6-4bc3-aa53-d2f85caa7811/TCGA-CC-A7IE-01Z-00-DX1.1286E91C-EB64-4CEB-878F-436D0E70F275.svs,missing_feature_pt
TCGA-G3-A25Z-01Z-00-DX1,/data3/chensx/tcga_data/f397706c-ee3e-4f86-b346-3bd835fae49d/TCGA-G3-A25Z-01Z-00-DX1.3BD92D82-195F-41EF-AFA2-B9BF61A0552E.svs,missing_feature_pt
TCGA-ED-A8O5-01Z-00-DX1,/data3/chensx/tcga_data/16b39203-8810-416e-9c70-695b36a91d75/TCGA-ED-A8O5-01Z-00-DX1.5CEE6AED-3D4B-4E72-B166-C502476D3A09.svs,missing_feature_pt
TCGA-2Y-A9GT-01Z-00-DX1,/data3/chensx/tcga_data/6e50b5b6-ea41-47be-8072-88db3a68d02d/TCGA-2Y-A9GT-01Z-00-DX1.30666775-3556-4DFE-A5EC-8CCF8EEB1803.svs,missing_feature_pt
TCGA-HP-A5MZ-01Z-00-DX1,/data3/chensx/tcga_data/0ff34ca6-fec6-4b35-b20f-35b256c463fd/TCGA-HP-A5MZ-01Z-00-DX1.296DB311-8B9E-4A98-B53A-39BC2EB4A548.svs,missing_feature_pt
TCGA-BC-A10W-01Z-00-DX1,/data3/chensx/tcga_data/474fc91d-a61d-45cb-99ad-9281c4713ec6/TCGA-BC-A10W-01Z-00-DX1.93D364F9-1161-4D75-952F-D7F3167CB7BF.svs,missing_feature_pt
TCGA-ED-A66Y-01Z-00-DX1,/data3/chensx/tcga_data/c71ca09f-2aba-4802-9cb7-ad71e9a389f0/TCGA-ED-A66Y-01Z-00-DX1.862F9BC8-30B7-4A6B-91C3-9548D5C45910.svs,missing_feature_pt
TCGA-FV-A3R2-01Z-00-DX1,/data3/chensx/tcga_data/26a3f8a0-042f-4d77-9061-b1c3834a27e7/TCGA-FV-A3R2-01Z-00-DX1.B9E286ED-B4A3-44E7-B11F-F2B763083FBC.svs,missing_feature_pt
TCGA-G3-AAV7-01Z-00-DX1,/data3/chensx/tcga_data/07962ac2-3de6-4645-96f4-95e7e9f29b67/TCGA-G3-AAV7-01Z-00-DX1.111A52E5-5FBA-4340-9246-FEFA8BC71CCF.svs,missing_feature_pt
TCGA-DD-A4NO-01Z-00-DX1,/data3/chensx/tcga_data/37fdab85-6109-4911-bf31-4f8522fa25a4/TCGA-DD-A4NO-01Z-00-DX1.0418E7E0-F1C0-421A-A8B2-5E7B15439A6C.svs,missing_feature_pt
TCGA-G3-A7M5-01Z-00-DX1,/data3/chensx/tcga_data/085a1f98-9879-4fd2-881d-bafa8680a3bc/TCGA-G3-A7M5-01Z-00-DX1.4ED66628-519F-4540-937A-37621C1EC814.svs,missing_feature_pt
TCGA-K7-A6G5-01Z-00-DX1,/data3/chensx/tcga_data/c32364f8-66f0-4435-a30f-f83df2e44242/TCGA-K7-A6G5-01Z-00-DX1.6681DB17-D11D-40DE-829C-2DB425BD3083.svs,missing_feature_pt
TCGA-DD-AADR-01Z-00-DX1,/data3/chensx/tcga_data/f1cd03ef-a8f3-400d-97ae-728bcf349461/TCGA-DD-AADR-01Z-00-DX1.A29CD802-5F9B-49FD-96AA-8B06E97442BE.svs,missing_feature_pt
TCGA-ZP-A9CV-01Z-00-DX1,/data3/chensx/tcga_data/a147d86e-f1c6-4ab7-b8af-460f17f95f3a/TCGA-ZP-A9CV-01Z-00-DX1.7F28538E-E956-492C-9FC7-E560E8D6708E.svs,missing_feature_pt
TCGA-DD-A3A1-01Z-00-DX1,/data3/chensx/tcga_data/e453a985-13c5-4de2-8c34-2ab41b544a17/TCGA-DD-A3A1-01Z-00-DX1.B836DA77-CAB4-4991-91A6-A1D46C7C1E99.svs,missing_feature_pt
TCGA-DD-AADP-01Z-00-DX1,/data3/chensx/tcga_data/ee10d892-642c-4513-9f95-6ac05a121951/TCGA-DD-AADP-01Z-00-DX1.D15DCDF5-7D22-4ED9-ACE2-A6CB9541C9B6.svs,missing_feature_pt
TCGA-EP-A12J-01Z-00-DX1,/data3/chensx/tcga_data/58f0e73c-989b-4009-a106-baddcf3b331a/TCGA-EP-A12J-01Z-00-DX1.25DF2F77-805D-443F-AF69-664F5F45A462.svs,missing_feature_pt
TCGA-ED-A82E-01Z-00-DX1,/data3/chensx/tcga_data/a30fe319-a81c-4850-a6ca-843bed895736/TCGA-ED-A82E-01Z-00-DX1.3C73E2C5-A03D-460E-8530-D3F5A94873AD.svs,missing_feature_pt
TCGA-RC-A6M5-01Z-00-DX1,/data3/chensx/tcga_data/210f7b37-7dce-4042-bcbd-131fd5ba7fec/TCGA-RC-A6M5-01Z-00-DX1.6CBFAFF7-54F5-4577-B7C3-93A72A24C0EA.svs,missing_feature_pt
TCGA-CC-A7IK-01Z-00-DX1,/data3/chensx/tcga_data/e29c2533-854e-49de-b91e-7de0d43b1fa4/TCGA-CC-A7IK-01Z-00-DX1.AE013D44-A3C6-407B-A295-7E82DBB41C27.svs,missing_feature_pt
TCGA-QA-A7B7-01Z-00-DX1,/data3/chensx/tcga_data/1ebb6ec0-b388-4844-b173-f651445bb20c/TCGA-QA-A7B7-01Z-00-DX1.F43A1254-D4C4-4B87-9B66-46AB4DF0D76A.svs,missing_feature_pt
TCGA-2Y-A9HB-01Z-00-DX1,/data3/chensx/tcga_data/903437ab-5408-404a-9708-5ef20992576d/TCGA-2Y-A9HB-01Z-00-DX1.ECF68E86-4D45-4545-A1D2-184D5ED38C3C.svs,missing_feature_pt
TCGA-G3-A3CI-01Z-00-DX1,/data3/chensx/tcga_data/ccce0164-240d-4a66-94a2-cb71b15da866/TCGA-G3-A3CI-01Z-00-DX1.64A4D1B3-70C7-4E41-9096-20F6FE9C656C.svs,missing_feature_pt
TCGA-CC-A7IL-01Z-00-DX1,/data3/chensx/tcga_data/9ec1be3f-f57d-45b8-ac7a-a75bdf0816c6/TCGA-CC-A7IL-01Z-00-DX1.73B59FCC-40C9-40F4-AC8A-EBBEB5884757.svs,missing_feature_pt
TCGA-DD-A73A-01Z-00-DX2,/data3/chensx/tcga_data/8ea45883-bfbc-47f4-ad4f-8b2ab5ca2e1f/TCGA-DD-A73A-01Z-00-DX2.670C0246-966D-46A9-8E14-7050FFE87031.svs,missing_feature_pt
TCGA-DD-A73A-01Z-00-DX1,/data3/chensx/tcga_data/ef7fcc3a-ae85-4753-8ee3-a8e999eee196/TCGA-DD-A73A-01Z-00-DX1.6B409977-53A6-4DD9-9763-2094E5B83942.svs,missing_feature_pt
TCGA-EP-A26S-01Z-00-DX1,/data3/chensx/tcga_data/48dec543-51cf-4163-83d1-4bc985c84f44/TCGA-EP-A26S-01Z-00-DX1.B7CE79B9-608C-419D-8E93-7856442F7C46.svs,missing_feature_pt
TCGA-G3-A25S-01Z-00-DX1,/data3/chensx/tcga_data/3d557199-0195-4c8a-befc-904189e47d1d/TCGA-G3-A25S-01Z-00-DX1.52D3A6BB-A728-4651-A394-EACBEE29B106.svs,missing_feature_pt
TCGA-2Y-A9H6-01Z-00-DX1,/data3/chensx/tcga_data/b03d8ccf-4a58-4862-83d0-3dd7aed343aa/TCGA-2Y-A9H6-01Z-00-DX1.B805A8D8-B75D-449F-8D1A-8E948ED12757.svs,missing_feature_pt
TCGA-FV-A495-01Z-00-DX1,/data3/chensx/tcga_data/a38a7122-600f-4a68-9af2-4fb3120f0ffd/TCGA-FV-A495-01Z-00-DX1.DB7B5B88-DEAC-4422-A351-9A33FB64F66D.svs,missing_feature_pt
TCGA-DD-AAEG-01Z-00-DX1,/data3/chensx/tcga_data/e23be287-e99b-48a1-ac16-5d52cfd1a363/TCGA-DD-AAEG-01Z-00-DX1.36DBD35A-105F-44D6-82F8-D3100F4AA552.svs,missing_feature_pt
TCGA-UB-A7ME-01Z-00-DX1,/data3/chensx/tcga_data/18955c43-5f83-4239-b0c4-8af98ab0769d/TCGA-UB-A7ME-01Z-00-DX1.4850AD4C-0300-4900-A301-D699FBF2435B.svs,missing_feature_pt
TCGA-DD-A39Y-01Z-00-DX1,/data3/chensx/tcga_data/dd5efaa7-e098-4458-8890-36b650396d1c/TCGA-DD-A39Y-01Z-00-DX1.1E9A1503-77C9-4CF4-9F20-E4A22F95D39E.svs,missing_feature_pt
TCGA-ED-A4XI-01Z-00-DX1,/data3/chensx/tcga_data/fb074e2a-52fc-4ffa-a270-f1d90dd45600/TCGA-ED-A4XI-01Z-00-DX1.8D26B3DB-1FBC-4FF2-B3F2-65D2655A6F60.svs,missing_feature_pt
TCGA-DD-AADY-01Z-00-DX1,/data3/chensx/tcga_data/8d80a759-b079-415d-8ffc-a12a119068ad/TCGA-DD-AADY-01Z-00-DX1.178DA812-24C2-4018-BDB4-6BB63069DF60.svs,missing_feature_pt
